INSERT INTO `baseball`.`team` (`name`) VALUES ('Captain');
INSERT INTO `baseball`.`team` (`name`) VALUES ('Marvel');
INSERT INTO `baseball`.`team` (`name`) VALUES ('Twins');
INSERT INTO `baseball`.`team` (`name`) VALUES ('Tigers');
INSERT INTO `baseball`.`team` (`name`) VALUES ('Rockets');
INSERT INTO `baseball`.`team` (`name`) VALUES ('Dodgers');
INSERT INTO `baseball`.`team` (`name`) VALUES ('Heros');
INSERT INTO `baseball`.`team` (`name`) VALUES ('Pintos');



INSERT INTO `baseball`.`score` (`id`, `home_team`, `away_team`, `home_score`, `away_score`) VALUES (1, 'Marvel', 'Captain', 0, 0);
INSERT INTO `baseball`.`score` (`id`, `home_team`, `away_team`, `home_score`, `away_score`) VALUES (2, 'Tigers', 'Twins', 0, 0);
INSERT INTO `baseball`.`score` (`id`, `home_team`, `away_team`, `home_score`, `away_score`) VALUES (3, 'Dodgers', 'Rockets', 0, 0);
INSERT INTO `baseball`.`score` (`id`, `home_team`, `away_team`, `home_score`, `away_score`) VALUES (4, 'Pintos', 'Heros', 0, 0);


INSERT INTO `baseball`.`player` (`name`, `position`, `at_bat`, `hits`, `out`, `batting_average`, `number_of_pitches`, `team_name`, `batting_order`, `is_batting`)
VALUES ('bat', 'hitter', 0, 0, 0, 0.433, null, 'Captain', 1, FALSE);

INSERT INTO `baseball`.`player` (`name`, `position`, `at_bat`, `hits`, `out`, `batting_average`, `number_of_pitches`, `team_name`, `batting_order`, `is_batting`)
VALUES ('Bibi', 'hitter', 0, 0, 0, 0.535, null, 'Captain', 2, FALSE);

INSERT INTO `baseball`.`player` (`name`, `position`, `at_bat`, `hits`, `out`, `batting_average`, `number_of_pitches`, `team_name`, `batting_order`, `is_batting`)
VALUES ('Bongf', 'hitter', 0, 0, 0, 0.123, null, 'Captain', 3, FALSE );

INSERT INTO `baseball`.`player` (`name`, `position`, `at_bat`, `hits`, `out`, `batting_average`, `number_of_pitches`, `team_name`, `batting_order`, `is_batting`)
VALUES ('Cooper', 'hitter', 0, 0, 0, 0.542,  null, 'Captain', 4, FALSE );

INSERT INTO `baseball`.`player` (`name`, `position`, `at_bat`, `hits`, `out`, `batting_average`, `number_of_pitches`, `team_name`, `batting_order`, `is_batting`)
VALUES ('Honux', 'hitter', 0, 0, 0, 0.254,  null, 'Captain', 5, FALSE );

INSERT INTO `baseball`.`player` (`name`, `position`, `at_bat`, `hits`, `out`, `batting_average`, `number_of_pitches`, `team_name`, `batting_order`, `is_batting`)
VALUES ('JK', 'hitter', 0, 0, 0, 0.431,  null, 'Captain', 6, FALSE );

INSERT INTO `baseball`.`player` (`name`, `position`, `at_bat`, `hits`, `out`, `batting_average`, `number_of_pitches`, `team_name`, `batting_order`, `is_batting`)
VALUES ('K', 'hitter', 0, 0, 0, 0.541,  null, 'Captain', 7, FALSE );

INSERT INTO `baseball`.`player` (`name`, `position`, `at_bat`, `hits`, `out`, `batting_average`, `number_of_pitches`, `team_name`, `batting_order`, `is_batting`)
VALUES ('Kyu', 'hitter', 0, 0, 0, 0.312,  null, 'Captain', 8, FALSE );

INSERT INTO `baseball`.`player` (`name`, `position`, `at_bat`, `hits`, `out`, `batting_average`, `number_of_pitches`, `team_name`, `batting_order`, `is_batting`)
VALUES ('Pyro', 'hitter', 0, 0, 0, 0.654,  null, 'Captain', 9, FALSE );

INSERT INTO `baseball`.`player` (`name`, `position`, `at_bat`, `hits`, `out`, `batting_average`, `number_of_pitches`, `team_name`, `batting_order`, `is_batting`)
VALUES ('Shion', 'pitcher', null, null, null, null, 5, 'Captain', null, FALSE);
---------
INSERT INTO `baseball`.`player` (`name`, `position`, `at_bat`, `hits`, `out`, `batting_average`, `number_of_pitches`, `team_name`, `batting_order`, `is_batting`)
VALUES ('yeon', 'hitter', 0, 0, 0, 0.322, null, 'Marvel', 1, FALSE);

INSERT INTO `baseball`.`player` (`name`, `position`, `at_bat`, `hits`, `out`, `batting_average`, `number_of_pitches`, `team_name`, `batting_order`, `is_batting`)
VALUES ('Dong', 'hitter', 0, 0, 0, 0.535, null, 'Marvel', 2, FALSE);

INSERT INTO `baseball`.`player` (`name`, `position`, `at_bat`, `hits`, `out`, `batting_average`, `number_of_pitches`, `team_name`, `batting_order`, `is_batting`)
VALUES ('Nas', 'hitter', 0, 0, 0, 0.434, null, 'Marvel', 3, FALSE );

INSERT INTO `baseball`.`player` (`name`, `position`, `at_bat`, `hits`, `out`, `batting_average`, `number_of_pitches`, `team_name`, `batting_order`, `is_batting`)
VALUES ('마르코', 'hitter', 0, 0, 0, 0.132,  null, 'Marvel', 4, FALSE );

INSERT INTO `baseball`.`player` (`name`, `position`, `at_bat`, `hits`, `out`, `batting_average`, `number_of_pitches`, `team_name`, `batting_order`, `is_batting`)
VALUES ('노을', 'hitter', 0, 0, 0, 0.227,  null, 'Marvel', 5, FALSE );

INSERT INTO `baseball`.`player` (`name`, `position`, `at_bat`, `hits`, `out`, `batting_average`, `number_of_pitches`, `team_name`, `batting_order`, `is_batting`)
VALUES ('MJ', 'hitter', 0, 0, 0, 0.452,  null, 'Marvel', 6, FALSE );

INSERT INTO `baseball`.`player` (`name`, `position`, `at_bat`, `hits`, `out`, `batting_average`, `number_of_pitches`, `team_name`, `batting_order`, `is_batting`)
VALUES ('Woody', 'hitter', 0, 0, 0, 0.423,  null, 'Marvel', 7, FALSE );

INSERT INTO `baseball`.`player` (`name`, `position`, `at_bat`, `hits`, `out`, `batting_average`, `number_of_pitches`, `team_name`, `batting_order`, `is_batting`)
VALUES ('Robin', 'hitter', 0, 0, 0, 0.253,  null, 'Marvel', 8, FALSE );

INSERT INTO `baseball`.`player` (`name`, `position`, `at_bat`, `hits`, `out`, `batting_average`, `number_of_pitches`, `team_name`, `batting_order`, `is_batting`)
VALUES ('프레디', 'hitter', 0, 0, 0, 0.433,  null, 'Marvel', 9, FALSE );

INSERT INTO `baseball`.`player` (`name`, `position`, `at_bat`, `hits`, `out`, `batting_average`, `number_of_pitches`, `team_name`, `batting_order`, `is_batting`)
VALUES ('이노', 'pitcher', null, null, null, null, 3, 'Marvel', null, FALSE);





INSERT INTO `baseball`.`player` (`name`, `position`, `at_bat`, `hits`, `out`, `batting_average`, `number_of_pitches`, `team_name`, `batting_order`, `is_batting`)
VALUES ('Hong', 'hitter', 0, 0, 0, 0, null, 'Twins', 1, FALSE);

INSERT INTO `baseball`.`player` (`name`, `position`, `at_bat`, `hits`, `out`, `batting_average`, `number_of_pitches`, `team_name`, `batting_order`, `is_batting`)
VALUES ('Issac', 'hitter', 0, 0, 0, 0.535, null, 'Twins', 2, FALSE);

INSERT INTO `baseball`.`player` (`name`, `position`, `at_bat`, `hits`, `out`, `batting_average`, `number_of_pitches`, `team_name`, `batting_order`, `is_batting`)
VALUES ('V', 'hitter', 0, 0, 0, 0, null, 'Twins', 3, FALSE );

INSERT INTO `baseball`.`player` (`name`, `position`, `at_bat`, `hits`, `out`, `batting_average`, `number_of_pitches`, `team_name`, `batting_order`, `is_batting`)
VALUES ('JeJe', 'hitter', 0, 0, 0, 0,  null, 'Twins', 4, FALSE );

INSERT INTO `baseball`.`player` (`name`, `position`, `at_bat`, `hits`, `out`, `batting_average`, `number_of_pitches`, `team_name`, `batting_order`, `is_batting`)
VALUES ('Lollo', 'hitter', 0, 0, 0, 0,  null, 'Twins', 5, FALSE );

INSERT INTO `baseball`.`player` (`name`, `position`, `at_bat`, `hits`, `out`, `batting_average`, `number_of_pitches`, `team_name`, `batting_order`, `is_batting`)
VALUES ('쏭', 'hitter', 0, 0, 0, 0,  null, 'Twins', 6, FALSE );

INSERT INTO `baseball`.`player` (`name`, `position`, `at_bat`, `hits`, `out`, `batting_average`, `number_of_pitches`, `team_name`, `batting_order`, `is_batting`)
VALUES ('쑤', 'hitter', 0, 0, 0, 0,  null, 'Twins', 7, FALSE );

INSERT INTO `baseball`.`player` (`name`, `position`, `at_bat`, `hits`, `out`, `batting_average`, `number_of_pitches`, `team_name`, `batting_order`, `is_batting`)
VALUES ('Ray', 'hitter', 0, 0, 0, 0,  null, 'Twins', 8, FALSE );

INSERT INTO `baseball`.`player` (`name`, `position`, `at_bat`, `hits`, `out`, `batting_average`, `number_of_pitches`, `team_name`, `batting_order`, `is_batting`)
VALUES ('Dumba', 'hitter', 0, 0, 0, 0,  null, 'Twins', 9, FALSE );

INSERT INTO `baseball`.`player` (`name`, `position`, `at_bat`, `hits`, `out`, `batting_average`, `number_of_pitches`, `team_name`, `batting_order`, `is_batting`)
VALUES ('Min', 'pitcher', null, null, null, null, 0, 'Twins', null, FALSE);
---------
INSERT INTO `baseball`.`player` (`name`, `position`, `at_bat`, `hits`, `out`, `batting_average`, `number_of_pitches`, `team_name`, `batting_order`, `is_batting`)
VALUES ('BMO', 'hitter', 0, 0, 0, 0, null, 'Tigers', 1, FALSE);

INSERT INTO `baseball`.`player` (`name`, `position`, `at_bat`, `hits`, `out`, `batting_average`, `number_of_pitches`, `team_name`, `batting_order`, `is_batting`)
VALUES ('Zeke', 'hitter', 0, 0, 0, 0.535, null, 'Tigers', 2, FALSE);

INSERT INTO `baseball`.`player` (`name`, `position`, `at_bat`, `hits`, `out`, `batting_average`, `number_of_pitches`, `team_name`, `batting_order`, `is_batting`)
VALUES ('Cri', 'hitter', 0, 0, 0, 0, null, 'Tigers', 3, FALSE );

INSERT INTO `baseball`.`player` (`name`, `position`, `at_bat`, `hits`, `out`, `batting_average`, `number_of_pitches`, `team_name`, `batting_order`, `is_batting`)
VALUES ('엘리', 'hitter', 0, 0, 0, 0,  null, 'Tigers', 4, FALSE );

INSERT INTO `baseball`.`player` (`name`, `position`, `at_bat`, `hits`, `out`, `batting_average`, `number_of_pitches`, `team_name`, `batting_order`, `is_batting`)
VALUES ('만사', 'hitter', 0, 0, 0, 0,  null, 'Tigers', 5, FALSE );

INSERT INTO `baseball`.`player` (`name`, `position`, `at_bat`, `hits`, `out`, `batting_average`, `number_of_pitches`, `team_name`, `batting_order`, `is_batting`)
VALUES ('Lia', 'hitter', 0, 0, 0, 0,  null, 'Tigers', 6, FALSE );

INSERT INTO `baseball`.`player` (`name`, `position`, `at_bat`, `hits`, `out`, `batting_average`, `number_of_pitches`, `team_name`, `batting_order`, `is_batting`)
VALUES ('ZG', 'hitter', 0, 0, 0, 0,  null, 'Tigers', 7, FALSE );

INSERT INTO `baseball`.`player` (`name`, `position`, `at_bat`, `hits`, `out`, `batting_average`, `number_of_pitches`, `team_name`, `batting_order`, `is_batting`)
VALUES ('Aiden', 'hitter', 0, 0, 0, 0,  null, 'Tigers', 8, FALSE );

INSERT INTO `baseball`.`player` (`name`, `position`, `at_bat`, `hits`, `out`, `batting_average`, `number_of_pitches`, `team_name`, `batting_order`, `is_batting`)
VALUES ('Downey', 'hitter', 0, 0, 0, 0,  null, 'Tigers', 9, FALSE );

INSERT INTO `baseball`.`player` (`name`, `position`, `at_bat`, `hits`, `out`, `batting_average`, `number_of_pitches`, `team_name`, `batting_order`, `is_batting`)
VALUES ('잭슨', 'pitcher', null, null, null, null, 0, 'Tigers', null, FALSE);




INSERT INTO `baseball`.`player` (`name`, `position`, `at_bat`, `hits`, `out`, `batting_average`, `number_of_pitches`, `team_name`, `batting_order`, `is_batting`)
VALUES ('Park kyudong', 'hitter', 0, 0, 0, 0, null, 'Rockets', 1, FALSE);
INSERT INTO `baseball`.`player` (`name`, `position`, `at_bat`, `hits`, `out`, `batting_average`, `number_of_pitches`, `team_name`, `batting_order`, `is_batting`)
VALUES ('Lee youngmin', 'hitter', 0, 0, 0, 0.535, null, 'Rockets', 2, FALSE);
INSERT INTO `baseball`.`player` (`name`, `position`, `at_bat`, `hits`, `out`, `batting_average`, `number_of_pitches`, `team_name`, `batting_order`, `is_batting`)
VALUES ('Lee hyungsu', 'hitter', 0, 0, 0, 0, null, 'Rockets', 3, FALSE );
INSERT INTO `baseball`.`player` (`name`, `position`, `at_bat`, `hits`, `out`, `batting_average`, `number_of_pitches`, `team_name`, `batting_order`, `is_batting`)
VALUES ('Shin dongmin', 'hitter', 0, 0, 0, 0,  null, 'Rockets', 4, FALSE );
INSERT INTO `baseball`.`player` (`name`, `position`, `at_bat`, `hits`, `out`, `batting_average`, `number_of_pitches`, `team_name`, `batting_order`, `is_batting`)
VALUES ('Choi sungkyu', 'hitter', 0, 0, 0, 0,  null, 'Rockets', 5, FALSE );
INSERT INTO `baseball`.`player` (`name`, `position`, `at_bat`, `hits`, `out`, `batting_average`, `number_of_pitches`, `team_name`, `batting_order`, `is_batting`)
VALUES ('Lee junghyun', 'hitter', 0, 0, 0, 0,  null, 'Rockets', 6, FALSE );
INSERT INTO `baseball`.`player` (`name`, `position`, `at_bat`, `hits`, `out`, `batting_average`, `number_of_pitches`, `team_name`, `batting_order`, `is_batting`)
VALUES ('Kim dohyun', 'hitter', 0, 0, 0, 0,  null, 'Rockets', 7, FALSE );
INSERT INTO `baseball`.`player` (`name`, `position`, `at_bat`, `hits`, `out`, `batting_average`, `number_of_pitches`, `team_name`, `batting_order`, `is_batting`)
VALUES ('Yun junho', 'hitter', 0, 0, 0, 0,  null, 'Rockets', 8, FALSE );
INSERT INTO `baseball`.`player` (`name`, `position`, `at_bat`, `hits`, `out`, `batting_average`, `number_of_pitches`, `team_name`, `batting_order`, `is_batting`)
VALUES ('Han junghun', 'hitter', 0, 0, 0, 0,  null, 'Rockets', 9, FALSE );
INSERT INTO `baseball`.`player` (`name`, `position`, `at_bat`, `hits`, `out`, `batting_average`, `number_of_pitches`, `team_name`, `batting_order`, `is_batting`)
VALUES ('Jung sunghun', 'pitcher', null, null, null, null, 0, 'Rockets', null, FALSE);
---------
INSERT INTO `baseball`.`player` (`name`, `position`, `at_bat`, `hits`, `out`, `batting_average`, `number_of_pitches`, `team_name`, `batting_order`, `is_batting`)
VALUES ('Scott Alexander', 'hitter', 0, 0, 0, 0, null, 'Dodgers', 1, FALSE);
INSERT INTO `baseball`.`player` (`name`, `position`, `at_bat`, `hits`, `out`, `batting_average`, `number_of_pitches`, `team_name`, `batting_order`, `is_batting`)
VALUES ('Trevor Bauer', 'hitter', 0, 0, 0, 0.535, null, 'Dodgers', 2, FALSE);
INSERT INTO `baseball`.`player` (`name`, `position`, `at_bat`, `hits`, `out`, `batting_average`, `number_of_pitches`, `team_name`, `batting_order`, `is_batting`)
VALUES ('Walker Buehler', 'hitter', 0, 0, 0, 0, null, 'Dodgers', 3, FALSE );
INSERT INTO `baseball`.`player` (`name`, `position`, `at_bat`, `hits`, `out`, `batting_average`, `number_of_pitches`, `team_name`, `batting_order`, `is_batting`)
VALUES ('Gerardo Carrillo', 'hitter', 0, 0, 0, 0,  null, 'Dodgers', 4, FALSE );
INSERT INTO `baseball`.`player` (`name`, `position`, `at_bat`, `hits`, `out`, `batting_average`, `number_of_pitches`, `team_name`, `batting_order`, `is_batting`)
VALUES ('Garett Cleavinger', 'hitter', 0, 0, 0, 0,  null, 'Dodgers', 5, FALSE );
INSERT INTO `baseball`.`player` (`name`, `position`, `at_bat`, `hits`, `out`, `batting_average`, `number_of_pitches`, `team_name`, `batting_order`, `is_batting`)
VALUES ('Jimmy Nelson', 'hitter', 0, 0, 0, 0,  null, 'Dodgers', 6, FALSE );
INSERT INTO `baseball`.`player` (`name`, `position`, `at_bat`, `hits`, `out`, `batting_average`, `number_of_pitches`, `team_name`, `batting_order`, `is_batting`)
VALUES ('Tony Gonsolin', 'hitter', 0, 0, 0, 0,  null, 'Dodgers', 7, FALSE );
INSERT INTO `baseball`.`player` (`name`, `position`, `at_bat`, `hits`, `out`, `batting_average`, `number_of_pitches`, `team_name`, `batting_order`, `is_batting`)
VALUES ('Victor Gonzalez', 'hitter', 0, 0, 0, 0,  null, 'Dodgers', 8, FALSE );
INSERT INTO `baseball`.`player` (`name`, `position`, `at_bat`, `hits`, `out`, `batting_average`, `number_of_pitches`, `team_name`, `batting_order`, `is_batting`)
VALUES ('Brusdar Graterol', 'hitter', 0, 0, 0, 0,  null, 'Dodgers', 9, FALSE );
INSERT INTO `baseball`.`player` (`name`, `position`, `at_bat`, `hits`, `out`, `batting_average`, `number_of_pitches`, `team_name`, `batting_order`, `is_batting`)
VALUES ('Austin Barnes', 'pitcher', null, null, null, null, 0, 'Dodgers', null, FALSE);
----------
INSERT INTO `baseball`.`player` (`name`, `position`, `at_bat`, `hits`, `out`, `batting_average`, `number_of_pitches`, `team_name`, `batting_order`, `is_batting`)
VALUES ('Lee jiyoung', 'hitter', 0, 0, 0, 0, null, 'Heros', 1, FALSE);
INSERT INTO `baseball`.`player` (`name`, `position`, `at_bat`, `hits`, `out`, `batting_average`, `number_of_pitches`, `team_name`, `batting_order`, `is_batting`)
VALUES ('Seo geongchang', 'hitter', 0, 0, 0, 0.535, null, 'Heros', 2, FALSE);
INSERT INTO `baseball`.`player` (`name`, `position`, `at_bat`, `hits`, `out`, `batting_average`, `number_of_pitches`, `team_name`, `batting_order`, `is_batting`)
VALUES ('Heo junghyup', 'hitter', 0, 0, 0, 0, null, 'Heros', 3, FALSE );
INSERT INTO `baseball`.`player` (`name`, `position`, `at_bat`, `hits`, `out`, `batting_average`, `number_of_pitches`, `team_name`, `batting_order`, `is_batting`)
VALUES ('Park juntae', 'hitter', 0, 0, 0, 0,  null, 'Heros', 4, FALSE );
INSERT INTO `baseball`.`player` (`name`, `position`, `at_bat`, `hits`, `out`, `batting_average`, `number_of_pitches`, `team_name`, `batting_order`, `is_batting`)
VALUES ('Lee junghoo', 'hitter', 0, 0, 0, 0,  null, 'Heros', 5, FALSE );
INSERT INTO `baseball`.`player` (`name`, `position`, `at_bat`, `hits`, `out`, `batting_average`, `number_of_pitches`, `team_name`, `batting_order`, `is_batting`)
VALUES ('Kim hasung', 'hitter', 0, 0, 0, 0,  null, 'Heros', 6, FALSE );
INSERT INTO `baseball`.`player` (`name`, `position`, `at_bat`, `hits`, `out`, `batting_average`, `number_of_pitches`, `team_name`, `batting_order`, `is_batting`)
VALUES ('Jun bungwoo', 'hitter', 0, 0, 0, 0,  null, 'Heros', 7, FALSE );
INSERT INTO `baseball`.`player` (`name`, `position`, `at_bat`, `hits`, `out`, `batting_average`, `number_of_pitches`, `team_name`, `batting_order`, `is_batting`)
VALUES ('Kim hyesung', 'hitter', 0, 0, 0, 0,  null, 'Heros', 8, FALSE );
INSERT INTO `baseball`.`player` (`name`, `position`, `at_bat`, `hits`, `out`, `batting_average`, `number_of_pitches`, `team_name`, `batting_order`, `is_batting`)
VALUES ('Park dongwon', 'hitter', 0, 0, 0, 0,  null, 'Heros', 9, FALSE );
INSERT INTO `baseball`.`player` (`name`, `position`, `at_bat`, `hits`, `out`, `batting_average`, `number_of_pitches`, `team_name`, `batting_order`, `is_batting`)
VALUES ('Eric Spenser Jokisch', 'pitcher', null, null, null, null, 0, 'Heros', null, FALSE);
---------
INSERT INTO `baseball`.`player` (`name`, `position`, `at_bat`, `hits`, `out`, `batting_average`, `number_of_pitches`, `team_name`, `batting_order`, `is_batting`)
VALUES ('Yang seungkwan', 'hitter', 0, 0, 0, 0, null, 'Pintos', 1, FALSE);
INSERT INTO `baseball`.`player` (`name`, `position`, `at_bat`, `hits`, `out`, `batting_average`, `number_of_pitches`, `team_name`, `batting_order`, `is_batting`)
VALUES ('Woo gyeongha', 'hitter', 0, 0, 0, 0.535, null, 'Pintos', 2, FALSE);
INSERT INTO `baseball`.`player` (`name`, `position`, `at_bat`, `hits`, `out`, `batting_average`, `number_of_pitches`, `team_name`, `batting_order`, `is_batting`)
VALUES ('Lee haechang', 'hitter', 0, 0, 0, 0, null, 'Pintos', 3, FALSE );
INSERT INTO `baseball`.`player` (`name`, `position`, `at_bat`, `hits`, `out`, `batting_average`, `number_of_pitches`, `team_name`, `batting_order`, `is_batting`)
VALUES ('Jeong hyeonbal', 'hitter', 0, 0, 0, 0,  null, 'Pintos', 4, FALSE );
INSERT INTO `baseball`.`player` (`name`, `position`, `at_bat`, `hits`, `out`, `batting_average`, `number_of_pitches`, `team_name`, `batting_order`, `is_batting`)
VALUES ('Kwon doojo', 'hitter', 0, 0, 0, 0,  null, 'Pintos', 5, FALSE );
INSERT INTO `baseball`.`player` (`name`, `position`, `at_bat`, `hits`, `out`, `batting_average`, `number_of_pitches`, `team_name`, `batting_order`, `is_batting`)
VALUES ('Lee sungwong', 'hitter', 0, 0, 0, 0,  null, 'Pintos', 6, FALSE );
INSERT INTO `baseball`.`player` (`name`, `position`, `at_bat`, `hits`, `out`, `batting_average`, `number_of_pitches`, `team_name`, `batting_order`, `is_batting`)
VALUES ('Jung jinho', 'hitter', 0, 0, 0, 0,  null, 'Pintos', 7, FALSE );
INSERT INTO `baseball`.`player` (`name`, `position`, `at_bat`, `hits`, `out`, `batting_average`, `number_of_pitches`, `team_name`, `batting_order`, `is_batting`)
VALUES ('Kim baywi', 'hitter', 0, 0, 0, 0,  null, 'Pintos', 8, FALSE );
INSERT INTO `baseball`.`player` (`name`, `position`, `at_bat`, `hits`, `out`, `batting_average`, `number_of_pitches`, `team_name`, `batting_order`, `is_batting`)
VALUES ('Kim donggi', 'hitter', 0, 0, 0, 0,  null, 'Pintos', 9, FALSE );
INSERT INTO `baseball`.`player` (`name`, `position`, `at_bat`, `hits`, `out`, `batting_average`, `number_of_pitches`, `team_name`, `batting_order`, `is_batting`)
VALUES ('Yang sangmoon', 'pitcher', null, null, null, null, 0, 'Pintos', null, FALSE);
